{"time_sec": 472.806, "speed_kmh": 81.98078398087777, "battery_status": 81.8370451893911, "predicted_range": 391.8}